/*
SQLyog Ultimate v11.24 (32 bit)
MySQL - 5.5.36 : Database - parking
*********************************************************************
*/

/*!40101 SET NAMES utf8 */;

/*!40101 SET SQL_MODE=''*/;

/*!40014 SET @OLD_UNIQUE_CHECKS=@@UNIQUE_CHECKS, UNIQUE_CHECKS=0 */;
/*!40014 SET @OLD_FOREIGN_KEY_CHECKS=@@FOREIGN_KEY_CHECKS, FOREIGN_KEY_CHECKS=0 */;
/*!40101 SET @OLD_SQL_MODE=@@SQL_MODE, SQL_MODE='NO_AUTO_VALUE_ON_ZERO' */;
/*!40111 SET @OLD_SQL_NOTES=@@SQL_NOTES, SQL_NOTES=0 */;
CREATE DATABASE /*!32312 IF NOT EXISTS*/`parking` /*!40100 DEFAULT CHARACTER SET utf8 */;

USE `parking`;

/*Table structure for table `advice` */

DROP TABLE IF EXISTS `advice`;

CREATE TABLE `advice` (
  `id` varchar(64) NOT NULL,
  `message` varchar(255) NOT NULL,
  `createdtime` varchar(64) NOT NULL,
  `user_id` varchar(64) NOT NULL,
  `username` varchar(64) NOT NULL,
  PRIMARY KEY (`id`)
) ENGINE=InnoDB DEFAULT CHARSET=utf8;

/*Data for the table `advice` */

insert  into `advice`(`id`,`message`,`createdtime`,`user_id`,`username`) values ('23968054-62d6-47f8-9ab2-005ae998924b','希望系统越来越完善','2017-04-06 21:29:37','c23446f5-0e23-4089-9827-546d2fc4d6f2','admin5'),('26582776-b836-4abd-8938-6c6a42850de1','页面很漂亮，做的很努力','2017-04-06 21:25:14','5487b704-2696-4197-9d5f-bc3c06dbe139','admin1'),('4e21e669-b2d4-429f-bb17-b269e7de85a6','挺好用的，页面效果很nice','2017-04-06 21:24:37','5487b704-2696-4197-9d5f-bc3c06dbe139','admin1'),('515de3a3-1abe-4765-9377-d348109176f9','很用心，很好','2017-04-06 21:29:04','c23446f5-0e23-4089-9827-546d2fc4d6f2','admin5'),('7a1a8dae-28a5-4e6c-82e6-9a65c3d80597','好好加油，come on','2017-04-06 21:29:23','c23446f5-0e23-4089-9827-546d2fc4d6f2','admin5'),('c22a66a6-b344-444a-ba83-44e98958a1f9','nice 很炫酷','2017-04-06 21:25:54','5f390273-dfff-4477-bf2c-3967b910906a','admin2'),('cad87b90-131e-420f-b61f-711f453dfd8b','做的挺好的','2017-04-06 21:28:52','c23446f5-0e23-4089-9827-546d2fc4d6f2','admin5'),('dabf3963-45e0-410a-a808-6d99b934ac10','一直在用，感觉挺好的','2017-04-06 21:24:54','5487b704-2696-4197-9d5f-bc3c06dbe139','admin1');

/*Table structure for table `parking` */

DROP TABLE IF EXISTS `parking`;

CREATE TABLE `parking` (
  `id` varchar(64) NOT NULL,
  `name` varchar(64) NOT NULL,
  `x` float NOT NULL,
  `y` float NOT NULL,
  `createdtime` varchar(30) NOT NULL,
  `spaceNum` int(11) NOT NULL,
  `remark` varchar(255) DEFAULT NULL,
  `leftNum` int(30) DEFAULT NULL,
  PRIMARY KEY (`id`)
) ENGINE=InnoDB DEFAULT CHARSET=utf8;

/*Data for the table `parking` */

insert  into `parking`(`id`,`name`,`x`,`y`,`createdtime`,`spaceNum`,`remark`,`leftNum`) values ('2d459846-c908-4f10-870b-06a13ba7fabd','北京新街停车场',116.365,39.9318,'2017-04-06 21:09:46',15,'',NULL),('3d9ec6be-d6e4-4805-b001-b9038462574f','北京天河停车场',116.215,39.9012,'2017-04-06 21:05:30',20,'',NULL),('4afbd85e-0086-477e-866c-a5e1d9a28a74','北京天桥西区停车场',116.434,39.9857,'2017-04-06 14:00:26',11,'',NULL),('994fd0ed-2f5d-4c86-b3a1-02792fb48a88','北京航天停车场',116.014,39.3321,'2017-04-06 21:21:29',20,'',NULL);

/*Table structure for table `space` */

DROP TABLE IF EXISTS `space`;

CREATE TABLE `space` (
  `id` varchar(64) NOT NULL,
  `num` int(11) NOT NULL,
  `shiyong` int(11) DEFAULT NULL,
  `park_id` varchar(64) DEFAULT NULL,
  `start_time` varchar(64) DEFAULT NULL,
  `end_time` varchar(64) DEFAULT NULL,
  `createdtime` varchar(64) DEFAULT NULL,
  `remark` varchar(255) DEFAULT NULL,
  PRIMARY KEY (`id`)
) ENGINE=InnoDB DEFAULT CHARSET=utf8;

/*Data for the table `space` */

insert  into `space`(`id`,`num`,`shiyong`,`park_id`,`start_time`,`end_time`,`createdtime`,`remark`) values ('004dbcf8-8394-4dde-830c-02fb3d6dd741',5,0,'2d459846-c908-4f10-870b-06a13ba7fabd','2017-04-06 21:09:46','2017-04-06 21:09:46','2017-04-06 21:09:46',''),('09708aef-3397-4447-9cbd-07bba3d64a23',1,0,'994fd0ed-2f5d-4c86-b3a1-02792fb48a88','2017-04-06 21:28:31','2017-04-06 21:28:43','2017-04-06 21:21:29',''),('0cf2732a-6ad4-4a7f-8b50-4d57847475c9',11,0,'3d9ec6be-d6e4-4805-b001-b9038462574f','2017-04-06 21:05:30','2017-04-06 21:05:30','2017-04-06 21:05:30',''),('0d03e1a7-84ec-47a1-93fd-993ac6faa2ae',7,0,'4afbd85e-0086-477e-866c-a5e1d9a28a74','2017-04-06 20:41:26','2017-04-06 20:41:36','2017-04-06 14:00:26',''),('102b65c3-b9cc-48f6-ac71-dc9705d10fe2',9,0,'4afbd85e-0086-477e-866c-a5e1d9a28a74','2017-04-06 14:00:26','2017-04-06 14:00:26','2017-04-06 14:00:26',''),('1065a76a-ab60-4280-8702-d8980c85d0e4',10,0,'994fd0ed-2f5d-4c86-b3a1-02792fb48a88','2017-04-06 21:21:29','2017-04-06 21:21:29','2017-04-06 21:21:29',''),('15062304-a283-4b3a-979c-9bb544a0f9b5',18,0,'994fd0ed-2f5d-4c86-b3a1-02792fb48a88','2017-04-06 21:21:29','2017-04-06 21:21:29','2017-04-06 21:21:29',''),('1cd66f75-a88d-40cc-9a93-19b1124720fc',5,0,'3d9ec6be-d6e4-4805-b001-b9038462574f','2017-04-06 21:05:30','2017-04-06 21:05:30','2017-04-06 21:05:30',''),('2011e87b-6ec9-4518-9c84-0d371d12a40d',8,0,'3d9ec6be-d6e4-4805-b001-b9038462574f','2017-04-06 21:05:30','2017-04-06 21:05:30','2017-04-06 21:05:30',''),('2182ec52-0c54-45b0-b4d9-0cd164f98c30',9,0,'3d9ec6be-d6e4-4805-b001-b9038462574f','2017-04-06 21:05:30','2017-04-06 21:05:30','2017-04-06 21:05:30',''),('21dc9547-7607-4c55-9f1f-b6e28c623313',10,0,'4afbd85e-0086-477e-866c-a5e1d9a28a74','2017-04-06 14:00:26','2017-04-06 14:00:26','2017-04-06 14:00:26',''),('2cdc525d-641d-421a-a436-d8d9deb7d014',2,0,'4afbd85e-0086-477e-866c-a5e1d9a28a74','2017-04-06 20:37:46','2017-04-06 20:43:18','2017-04-06 14:00:26',''),('34bb427f-83f5-480b-9d8f-f716a0535092',10,0,'3d9ec6be-d6e4-4805-b001-b9038462574f','2017-04-06 21:05:30','2017-04-06 21:05:30','2017-04-06 21:05:30',''),('37320203-c861-4c5d-a697-90a47aa8b55d',4,0,'2d459846-c908-4f10-870b-06a13ba7fabd','2017-04-06 21:09:46','2017-04-06 21:09:46','2017-04-06 21:09:46',''),('37b05c21-db32-4da5-84c3-d21bb9575cd9',7,0,'994fd0ed-2f5d-4c86-b3a1-02792fb48a88','2017-04-06 21:28:39','2017-04-06 21:28:56','2017-04-06 21:21:29',''),('3f5bd41e-d7db-4c9f-a268-dddcc5c82a4f',1,0,'2d459846-c908-4f10-870b-06a13ba7fabd','2017-04-06 21:10:20','2017-04-06 21:25:41','2017-04-06 21:09:46',''),('401b3e2e-a203-4838-b5c7-3b2d4ea65349',11,0,'994fd0ed-2f5d-4c86-b3a1-02792fb48a88','2017-04-06 21:21:29','2017-04-06 21:21:29','2017-04-06 21:21:29',''),('41a6bd46-2f74-4fe3-b61e-0b5dae9e0524',15,0,'3d9ec6be-d6e4-4805-b001-b9038462574f','2017-04-06 21:05:30','2017-04-06 21:05:30','2017-04-06 21:05:30',''),('45168bcb-19b1-4c2f-92e2-cba885f474a3',1,0,'4afbd85e-0086-477e-866c-a5e1d9a28a74','2017-04-06 21:23:56','2017-04-06 21:24:20','2017-04-06 14:00:26',''),('5079b06c-a28c-493f-ab24-0d27104275af',4,0,'994fd0ed-2f5d-4c86-b3a1-02792fb48a88','2017-04-06 21:21:29','2017-04-06 21:21:29','2017-04-06 21:21:29',''),('5141f79d-939a-429b-b863-6828f3c2b5c9',8,0,'2d459846-c908-4f10-870b-06a13ba7fabd','2017-04-06 21:09:46','2017-04-06 21:09:46','2017-04-06 21:09:46',''),('5b113669-1ecc-4ab5-8544-9904b72ec9b0',20,0,'994fd0ed-2f5d-4c86-b3a1-02792fb48a88','2017-04-06 21:21:29','2017-04-06 21:21:29','2017-04-06 21:21:29',''),('600be3bf-5932-4788-8bfa-1f2ed35e4dc0',2,0,'994fd0ed-2f5d-4c86-b3a1-02792fb48a88','2017-04-06 21:21:29','2017-04-06 21:21:29','2017-04-06 21:21:29',''),('63cefae1-9204-4c3a-a3b9-7d54c61153fc',6,0,'2d459846-c908-4f10-870b-06a13ba7fabd','2017-04-06 21:09:46','2017-04-06 21:09:46','2017-04-06 21:09:46',''),('6b61ce4e-5e79-4817-aa2f-1d4b10f8fe75',9,0,'2d459846-c908-4f10-870b-06a13ba7fabd','2017-04-06 21:09:46','2017-04-06 21:09:46','2017-04-06 21:09:46',''),('6b6a9385-be54-4c7d-9467-4cbe3e3621d6',5,0,'994fd0ed-2f5d-4c86-b3a1-02792fb48a88','2017-04-06 21:21:29','2017-04-06 21:21:29','2017-04-06 21:21:29',''),('6eb99cf6-3b41-47b4-9d19-d111285518c0',19,0,'994fd0ed-2f5d-4c86-b3a1-02792fb48a88','2017-04-06 21:21:29','2017-04-06 21:21:29','2017-04-06 21:21:29',''),('7b6a286d-8a31-4bf9-b15f-6790ed3ddfd3',12,0,'3d9ec6be-d6e4-4805-b001-b9038462574f','2017-04-06 21:05:30','2017-04-06 21:05:30','2017-04-06 21:05:30',''),('7bbb9a51-c88a-4ac2-a981-46bb49f4ed2c',13,0,'2d459846-c908-4f10-870b-06a13ba7fabd','2017-04-06 21:09:46','2017-04-06 21:09:46','2017-04-06 21:09:46',''),('8410384a-f8ff-4878-b4b8-52db00c2c140',17,0,'994fd0ed-2f5d-4c86-b3a1-02792fb48a88','2017-04-06 21:21:29','2017-04-06 21:21:29','2017-04-06 21:21:29',''),('88cb075d-3314-4bd6-b535-dc4b70b0990f',14,0,'3d9ec6be-d6e4-4805-b001-b9038462574f','2017-04-06 21:05:30','2017-04-06 21:05:30','2017-04-06 21:05:30',''),('903b5378-86ff-477f-9f5b-4d917ba6ecc5',6,0,'994fd0ed-2f5d-4c86-b3a1-02792fb48a88','2017-04-06 21:28:36','2017-04-06 21:29:26','2017-04-06 21:21:29',''),('9462caf4-f404-4f5b-9191-43c67470273a',6,0,'3d9ec6be-d6e4-4805-b001-b9038462574f','2017-04-06 21:05:30','2017-04-06 21:05:30','2017-04-06 21:05:30',''),('96393b0a-ec1f-4bd2-9e5b-9fa462b6ff05',16,0,'994fd0ed-2f5d-4c86-b3a1-02792fb48a88','2017-04-06 21:21:29','2017-04-06 21:21:29','2017-04-06 21:21:29',''),('9742a8fb-bf85-4782-bdbc-01ad9ae24db2',2,0,'2d459846-c908-4f10-870b-06a13ba7fabd','2017-04-06 21:23:46','2017-04-06 21:24:57','2017-04-06 21:09:46',''),('9a1468b8-0b63-48cf-be01-5e664997013a',7,0,'2d459846-c908-4f10-870b-06a13ba7fabd','2017-04-06 21:09:46','2017-04-06 21:09:46','2017-04-06 21:09:46',''),('9f585bbe-ae2a-40ea-8ea0-f2193e45eb35',3,0,'4afbd85e-0086-477e-866c-a5e1d9a28a74','2017-04-06 21:24:08','2017-04-06 21:24:41','2017-04-06 14:00:26',''),('9fe8b0fc-8af1-420d-bef2-d3ae8ca39d42',14,0,'2d459846-c908-4f10-870b-06a13ba7fabd','2017-04-06 21:09:46','2017-04-06 21:09:46','2017-04-06 21:09:46',''),('a11cdeca-6640-41c9-87f3-3af180fc08da',8,0,'994fd0ed-2f5d-4c86-b3a1-02792fb48a88','2017-04-06 21:21:29','2017-04-06 21:21:29','2017-04-06 21:21:29',''),('a6a137ce-ca75-4c95-9267-33b399b53aa0',17,0,'3d9ec6be-d6e4-4805-b001-b9038462574f','2017-04-06 21:05:30','2017-04-06 21:05:30','2017-04-06 21:05:30',''),('a9b8a87e-43a5-49b7-aa24-2958abeffc21',3,0,'2d459846-c908-4f10-870b-06a13ba7fabd','2017-04-06 21:09:46','2017-04-06 21:09:46','2017-04-06 21:09:46',''),('b3a6f745-efe2-44d9-ac07-d0c242ccda65',12,0,'2d459846-c908-4f10-870b-06a13ba7fabd','2017-04-06 21:09:46','2017-04-06 21:09:46','2017-04-06 21:09:46',''),('b760057a-ea30-46e1-89db-2b3e3322b1d5',11,0,'4afbd85e-0086-477e-866c-a5e1d9a28a74','2017-04-06 14:00:26','2017-04-06 14:00:26','2017-04-06 14:00:26',''),('bb069b6c-ffeb-41ce-be74-165371cadffd',16,0,'3d9ec6be-d6e4-4805-b001-b9038462574f','2017-04-06 21:05:30','2017-04-06 21:05:30','2017-04-06 21:05:30',''),('bc3aed96-5e0a-44d1-830d-1eac0d04cce4',1,0,'3d9ec6be-d6e4-4805-b001-b9038462574f','2017-04-06 21:05:30','2017-04-06 21:05:30','2017-04-06 21:05:30',''),('bdbc5990-d176-4941-8e98-80797c97c088',4,0,'3d9ec6be-d6e4-4805-b001-b9038462574f','2017-04-06 21:05:30','2017-04-06 21:05:30','2017-04-06 21:05:30',''),('c641e843-b19d-408f-a67e-c05df5abe2a0',14,0,'994fd0ed-2f5d-4c86-b3a1-02792fb48a88','2017-04-06 21:21:29','2017-04-06 21:21:29','2017-04-06 21:21:29',''),('c90ec5d9-2984-4f22-ac54-ad1f4b4f1088',7,0,'3d9ec6be-d6e4-4805-b001-b9038462574f','2017-04-06 21:05:30','2017-04-06 21:05:30','2017-04-06 21:05:30',''),('ccbb3010-1924-4947-a556-aa7e6c555124',3,0,'994fd0ed-2f5d-4c86-b3a1-02792fb48a88','2017-04-06 21:21:29','2017-04-06 21:21:29','2017-04-06 21:21:29',''),('d05b8119-dbed-482b-b1d7-ba45835ea9bb',12,0,'994fd0ed-2f5d-4c86-b3a1-02792fb48a88','2017-04-06 21:21:29','2017-04-06 21:21:29','2017-04-06 21:21:29',''),('d0b7579f-8356-408a-ac02-0a2f3c49ca67',15,0,'994fd0ed-2f5d-4c86-b3a1-02792fb48a88','2017-04-06 21:21:29','2017-04-06 21:21:29','2017-04-06 21:21:29',''),('d0fca6f6-7b13-417a-8d1d-2ef83114ddf2',3,0,'3d9ec6be-d6e4-4805-b001-b9038462574f','2017-04-06 21:05:30','2017-04-06 21:05:30','2017-04-06 21:05:30',''),('d40004c7-097c-4cf2-b634-ddc0daca1cbe',9,0,'994fd0ed-2f5d-4c86-b3a1-02792fb48a88','2017-04-06 21:28:41','2017-04-06 21:29:08','2017-04-06 21:21:29',''),('d877d90d-bd0a-4b85-956a-c4e551574ab3',5,0,'4afbd85e-0086-477e-866c-a5e1d9a28a74','2017-04-06 20:41:17','2017-04-06 20:43:28','2017-04-06 14:00:26',''),('d919ab27-6095-4620-ac93-666263caa431',20,0,'3d9ec6be-d6e4-4805-b001-b9038462574f','2017-04-06 21:05:30','2017-04-06 21:05:30','2017-04-06 21:05:30',''),('ddd4198f-2b01-4d10-80fd-71e63397a349',10,0,'2d459846-c908-4f10-870b-06a13ba7fabd','2017-04-06 21:09:46','2017-04-06 21:09:46','2017-04-06 21:09:46',''),('de104437-6f81-462a-a37b-cdfc163fee10',8,0,'4afbd85e-0086-477e-866c-a5e1d9a28a74','2017-04-06 14:00:26','2017-04-06 14:00:26','2017-04-06 14:00:26',''),('e1ba4df5-8051-4231-9a1a-625f6bbbefe9',11,0,'2d459846-c908-4f10-870b-06a13ba7fabd','2017-04-06 21:09:46','2017-04-06 21:09:46','2017-04-06 21:09:46',''),('e2c92c6f-0d07-4a36-bdea-510eb6ece6c9',4,0,'4afbd85e-0086-477e-866c-a5e1d9a28a74','2017-04-06 20:39:59','2017-04-06 20:43:36','2017-04-06 14:00:26',''),('e32bdc7c-c1c2-45b6-a75d-6f95becaed5d',18,0,'3d9ec6be-d6e4-4805-b001-b9038462574f','2017-04-06 21:05:30','2017-04-06 21:05:30','2017-04-06 21:05:30',''),('e5542af7-c304-4ef0-82ee-c02e1c6a2f80',15,0,'2d459846-c908-4f10-870b-06a13ba7fabd','2017-04-06 21:09:46','2017-04-06 21:09:46','2017-04-06 21:09:46',''),('e7f3ffb2-e3a0-44c9-8d06-873ced3568a2',2,0,'3d9ec6be-d6e4-4805-b001-b9038462574f','2017-04-06 21:05:30','2017-04-06 21:05:30','2017-04-06 21:05:30',''),('f1039818-0f70-4ac7-b9bd-76d73f8f7b92',19,0,'3d9ec6be-d6e4-4805-b001-b9038462574f','2017-04-06 21:05:30','2017-04-06 21:05:30','2017-04-06 21:05:30',''),('f18e7a2b-1009-4104-99e1-98c1cf9df5fe',13,0,'994fd0ed-2f5d-4c86-b3a1-02792fb48a88','2017-04-06 21:21:29','2017-04-06 21:21:29','2017-04-06 21:21:29',''),('f72acdd0-8596-48cc-8e9e-62ec78b9e811',6,0,'4afbd85e-0086-477e-866c-a5e1d9a28a74','2017-04-06 20:41:19','2017-04-06 20:43:44','2017-04-06 14:00:26',''),('fd3c5fe5-b5b3-4ea9-9c90-2517ef5a2bc8',13,0,'3d9ec6be-d6e4-4805-b001-b9038462574f','2017-04-06 21:05:30','2017-04-06 21:05:30','2017-04-06 21:05:30','');

/*Table structure for table `user` */

DROP TABLE IF EXISTS `user`;

CREATE TABLE `user` (
  `id` varchar(64) NOT NULL,
  `username` varchar(64) NOT NULL,
  `password` varchar(64) NOT NULL,
  `administra` varchar(64) NOT NULL,
  `balance` float DEFAULT NULL,
  PRIMARY KEY (`id`)
) ENGINE=InnoDB DEFAULT CHARSET=utf8;

/*Data for the table `user` */

insert  into `user`(`id`,`username`,`password`,`administra`,`balance`) values ('5487b704-2696-4197-9d5f-bc3c06dbe139','admin1','123456','0',90),('5f390273-dfff-4477-bf2c-3967b910906a','admin2','111','0',150),('775d1af5-cfa5-4420-b1a4-f8524680e4b8','admin4','123456','0',100),('c23446f5-0e23-4089-9827-546d2fc4d6f2','admin5','123456','0',90),('f30ab658-4534-40d5-ad00-64b3ec2cac62','admin','123456','1',100);

/*!40101 SET SQL_MODE=@OLD_SQL_MODE */;
/*!40014 SET FOREIGN_KEY_CHECKS=@OLD_FOREIGN_KEY_CHECKS */;
/*!40014 SET UNIQUE_CHECKS=@OLD_UNIQUE_CHECKS */;
/*!40111 SET SQL_NOTES=@OLD_SQL_NOTES */;
